﻿<?xml version="1.0" encoding="utf-8"?><bwFonts xmlns:xsi="http://www.w3.org/2001/XMLSchema-instance" xmlns:xsd="http://www.w3.org/2001/XMLSchema" fontfactoryurl="story_content/FontFactory.swf"><font id="00" name="Open SansBold Charset1_ 5iMXc84Dp6z"><glyphs><g i="0" c="384" charCode="89" p="%^ODvlwH9eBL9eGF3pGF$vWB$vWBap$v9e5A9e" /><g i="1" c="385" charCode="111" p="#^WA9pWAbrABesfCgtLDgtfFgtUFesyGcryG9pyG7nUF6meF5lKD5leC5lAB6mWA6nWA9p^mK9pmKusBInuRGfwIDfwKBfweAovKyxuWxWs7xir7x9p7xPlSyYjCA5iND5iLF5ifHYiLIOjyJplmK$mmK9p" /><g i="2" c="386" charCode="117" p="#^DH$v%7Hgu%XGgukGdveFKv8EfwKCfwkAfw5zZuTxGtTxfr%Txmi%CBmi%CBkqCBPr7CysFChtODhtnFht3GesMGbrMGNo%MGmi%uKmi%uK$v" /><g i="3" c="387" charCode="32" p="#" /><g i="4" c="388" charCode="109" p="#^aK$v%sG$v%sG1osGzmYFQlsF4loE4lZC4ljC7mGBanGBAp%GB$v%Yx$v%Yxmi%OAmi%iB5k%vB5k3C9j5DDi7E5itF5ixI5iDJ5k%YJ5kvK8jzLDiEM5i_N5iiQ5iuRhjGStkGS5n%GS$v%XO$v%XO1oXOzmrOQlYN4lUM4lxL4lRK3maK1naK9p" /><g i="5" c="389" charCode="115" p="#^tHYrtH2u$F9vyEfwFBfw9Afw6z2w3yRv8xsv%8xosbyTsuzctNAxtMBxtODxtODmsODWrxDFrgDnrBC1rXBGqRAcqgzypxy_oOxqosxIn7xZm7xVl7x5kxy5jXz5ixC5i$E5ikHaj%cGSlaFqlhE8loDSktCSkQASkQALlQAfmmBDmUB_mGDInhFmo0GWoMGtp6HcqtHXqtHYr" /><g i="6" c="390" charCode="116" p="#^IDhtHEht2GSs%2GDvFEfwDCfwoAfwnz7vmy$tmyKr%my9l%Aw9l%AwAj%Dyki%Izsf%4Csf%4Cmi%VFmi%VF9l%4C9l%4CKr4CxswCVsZChtIDht" /><g i="7" c="391" charCode="99" p="#^vDfw7xfw7xfp7xMlSyXjBA5iQD5icG5i4I0j%_GVl5GylkFklAE5lQD5lWA5lWAdpWAetQDetVEetPFYsKGFsFH2s%FHevLGPvQF1wVEfwvDfw" /><g i="8" c="392" charCode="112" p="#^sFfw2DfwGBvu%uBvuGBcwGBuw%GB$B%Yx$B%Yxmi%_Ami%vB7k%GB7k_C5iyF5iZH5ikJZjIKQlIK9pIKlr3KYsqJzueIpv2HfwsFfw^mE4lZC4lkCXlIBNmGBKo%GB7pGBkrkChs_CetpEetVGetVG6pVG5nhG5mGF4lmE4l" /><g i="9" c="393" charCode="108" p="%^GB$vYx$vYx$cGB$c" /><g i="10" c="394" charCode="101" p="#^CDLkqCLkLBvl4Bfm_ADn%cGDnaGfmtFvlNELkCDLk^7EfwQAfwZyru7xCs7xhp7xRlQyZjyA5iAD5itG5i4ILjHJolHJio%HJ6q%UA6qYAIrQBBsJCutiEutxFutDGetKHZsWIps%WIhvYHNvQG0wJFfw7Efw" /><g i="11" c="395" charCode="104" p="#^zK$v%QG$v%QG1oQG4lEE4l3D4lmC8mGBcnGBAp%GB$v%Yx$v%Yx$c%GB$c%GBTgGBkhBB$i%vB5k%IB5kYC5iFF5i3I5ijJojzKHkzK5n" /><g i="12" c="396" charCode="113" p="#^CDkt1FktHFwslGIrpGGp%pGdppG1nJF4m2F7lyD7lWA7lWAfpWAirABjseCktCDkt^hCfwSzfwuyou7xxs7xcp7xSlwy_jWz5imC5iED5iCEBiAF4jjG5k%pG5k%KGmi%UJmi%UJ$B%9G$B%9Ghw9GxvjGeu%9GeuyFdvzEKvADfwhCfw" /><g i="13" c="397" charCode="105" p="#^OxQeOx$cQz$cRB$cRBQeRBHfkBagQAFgQzFgOxFgOxQe^GB$v%Yx$v%Yxmi%GBmi" /><g i="14" c="398" charCode="110" p="#^zK$v%QG$v%QG1oQGzmiGQlNF4lEE4l3D4lmC7mGBanGBAp%GB$v%Yx$v%Yxmi%OAmi%iB5k%vB5k7C6jdDCijE5iIF5i5I5ikJojzKGkzK5n" /><g i="15" c="399" charCode="98" p="#^yF5iZH5ikJ_jIKTlIK9pIKxshJouTHfwsFfw2DfwGBvu%qBvu%OA$v%Yx$v%Yx$c%GB$c%GBqhGBgixB7k%GB7k_C5iyF5i^mE4lZC4lkCXlIBNmGBKo%GB7pGBkrkChs_CetpEetyFetdGbsVG7rVG6pVG5ndG5myF4lmE4l" /><g i="16" c="400" charCode="57344" p="#^vF9l%hC9l%hC$v%yy$v%yy9l%vw9l%vwmj%yymi%yymhyy1fHzYdRATcnDTcjFTcPGsd%SFbgKEQfNDQf_CQfDCighCMghCvh%hCmi%vFmi" /><g i="17" c="401" charCode="114" p="#^AF5ikG5iQGci%yGHl5GAlsFAlGDAlGCvmGBpnGB2p%GB$v%Yx$v%Yxmi%MAmi%kBEk%vBEk8CvjdDOiiE5iAF5i" /><g i="18" c="403" charCode="103" p="#^QJli%QJek%IHNkhIIlhIRmhI2pLGhqdFvrvCvr%QBtr%hBprIARrIAnsIAbtLCbt%4FbtjHbtuI9uGJ6vGJZwGJmzGHGAHF$BYB$B5z$BAx$A4w0A4wdy4w_wRw9wCxkv5zZuxyKu5ybuGxDtGx$sGxds7yIrAybrrzHqmydqJxcp5xao5xMm5xxkyyjj$z5iIC5ihD5i3EciREii4Fli^izXxizIy1A8zMAAz6CAz6EAzeF1znGuynGxxnGLwIFsw1FawDDaw%IBawGAaw_zFwiz8xizXx^FAQmFAXn9BBoGBepICepLDepeEBoKEXnKEQmKEmkICmkFAmkFAQm" /><g i="19" c="404" charCode="46" p="#^qxfuqxdtZxIsxyasAzasBAas8BJsIBftIBfuIBdv8BNvAAkwAzkwyykw_xNvqxevqxfu" /><g i="20" c="405" charCode="69" p="%^wI$vfy$vfy9ewI9ewIfh1Cfh1Cal4Ial4Igo1Cgo1CTswITs" /><g i="21" c="406" charCode="121" p="#^$vmi%4Ami%FC1q_C1r6Dps%aDpsjD8rID1q%eGmi%dKmi%sELxFDTzbCXAJA$BLy$BNx$BSwOB%SwRyxx$yjy$yjz$y2AoyNAOxcBAw%qBVv" /><g i="22" c="407" charCode="97" p="#^CG$v%UF9u%OF9uSElvSDOvTCfwgBfwjzfway7v2x$t2xXr2xMpzyKo5AIn9DBn%wFwn%wFWmwFRkoDRkMBRkyzQl%jyjjGA4iyD4ihG4iLHhjdJtkdJVm%dJ$v^wFHp%4EKpsCNpFBkqTASqTAYrTAxtGCxtZDxtKEOswF2swFPq" /><g i="23" c="408" charCode="57345" p="#^vF9l%hC9l%hC$v%yy$v%yy9l%vw9l%vwmj%yymi%yymhyy1fHzYdRATcnDTcjFTcPGsd%SFbgKEQfNDQf_CQfDCighCMghCvh%hCmi%vFmi^uHQeuH$cwJ$cxL$cxLQexLHf0LagwKFgwJFguHFguHQe^mL$v%EH$v%EHmi%mLmi" /><g i="24" c="409" charCode="100" p="#^hCfwTzfwvyou7xws7xcp7xRlwyZjWz5inC5iYE5ijG5k%rG5k9Gzi9Gnh%9G$c%UJ$c%UJ$v%1H$v%jGeu%9GeuTEfwhCfw^ADht0FhtGFsslGDrpGDp%pGeppG1nJF4m2F7lwD7lhC7lABbmUAenUAfpUAgrABhshChtADht" /><g i="25" c="410" charCode="119" p="%^aJ$v7IerIGclDGcl7E$v7A$vfwmiYzmixBpo#VB0qiCTsnCTs#qCYrOCXp$CVoHEmiNImioKVo#rKapxKIp#EKdqKKPq#RKprWKZr#$Kxs0LTs4LTs#bL$rtLtq#LLXoTLpowNmi9RmieN$v" /><g i="26" c="411" charCode="58" p="#^qxfuqxdtZxIsxyasAzasBAas8BJsIBftIBfuIBdv8BNvAAkwAzkwyykw_xNvqxevqxfu^qxakqx8jZxDixy5iAz5iBA5i8BEiIBajIBakIB9l7BIlzAfmAzfmyyfm_xJlqxalqxak" /><g i="27" c="412" charCode="87" p="#^DP$v%kL$v%VIDmMI7mrIzk7I_i4Isi$H6jIHAkqH1mfHFm%RE$v%yA$v%$v9e%Jz9e%$BUnCCBqTCzsYCTrcDqqtDYoID9o%iG9e%TJ9e%uM9oFMQoVMcqaNAriNzsqNDrHNcqYNNoaOUn%sQ9e%aU9e" /><g i="28" c="413" charCode="107" p="%^xBAo9DvmZGmiaLmiLFhovL$vcH$vhDtqGBLrGB$vYx$vYx$cGB$cGBuluBAo" /><g i="29" c="414" charCode="57346" p="#^vF9l%hC9l%hC$v%yy$v%yy9l%vw9l%vwmj%yymi%yymhyy1fHzYdRATcnDTcjFTcPGsd%SFbgKEQfNDQf_CQfDCighCMghCvh%hCmi%vFmi^bP9l%ZL9l%ZL$v%eI$v%eI9l%bG9l%bGmj%eImi%eImheI1fnJYdxKTc3NTc$OTcvQsd%yPbgqOQftNQfGMQfjMigZLMgZLvh%ZLmi%bPmi" /><g i="30" c="415" charCode="63" p="#^nz4q%nzapnz$nTz8nnAgmIBhl_CnkoDOjODdjODwiODJhcDjhDCUgABUgLzUgpx5i%4wqfOyUdRBUdmEUdRF6fkHjgkHkikHGjJGFk6GDloERmdDInVC9oCCCoCClp%CC4q^_yfu_ydtxzIs4Aas7Bas8CasHCJsfDftfDfufDdvHCNv7Ckw7Bkw5AkwxzNv_yev_yfu" /></glyphs></font><font id="10" name="Open Sans Charset1_ 5Xc0Vc7R5hN"><glyphs><g i="0" c="384" charCode="79" p="#^XN3nXNlrMLOtCJfwLFfwPBfwGzRtxxqrxx1nxxGiGzhgQBTdNFTdDJTdNLkgXNMiXN3n^Jz3nJzHqgBzsPCruLFruJIrueKAsLLIqLL3nLLsjeKBhKIKfNFKfPCKfgBChJzujJz3n" /><g i="1" c="385" charCode="75" p="%^lL$vVI$voClnxA$oxA$vsy$vsy9exA9exA$mDI9e4L9eUDVl" /><g i="2" c="386" charCode="89" p="%^$C4nLH9e$J9e2E4p2E$vXB$vXBap$v9egy9e" /><g i="3" c="387" charCode="101" p="#^ODfwQAfw6zsupxEspxqppxbm$yhkBAnihDniOFnifH1kJIHlJIoo%JIGp%vzGpzz1sHAgtQBuuTDuu1Guu9IAt%9Iov4HRv6G2w9FfwODfw^fD4kEB4kGA7lJzamyz1o%yG1oyG6mHF5lRE4kfD4k" /><g i="4" c="388" charCode="115" p="#^NGmsNGduoFev$DfwuBfwPyfwkxpv%kxwtiy0uoziuvAAuxBAu6DAuZD4uQEztQExsQELr8EbrtDDqvBTpEzapRyFo3y8oGxunixQmixVlixgkDykjYznigCnirEnivGfj%NFVkMD4k7C4kHA4kYzxkdz_kdzMldzjmuzHmMz3nnApn_ALnJCoo6FgpXF8qNG0rNGms" /><g i="5" c="389" charCode="78" p="%^oM$v0K$vgA1haA1h#nAFjnASlnA$vsy$vsy9eOA9ewK4tDK4t#BKKsvKYq#qKapsKoosK9eoM9e" /><g i="6" c="390" charCode="111" p="#^HJipHJAs1IquoGfwuDfwIBfwjApvWyzu9y_spxprpxippx1m1zckGAniADnioGni1IfkHJ6mHJip^vzipvzSrwActyByuyDyuxFyuzGdtBHTrBHipBHLmzGqlxF5kwD5kxB5kwAplvzImvzip" /><g i="7" c="391" charCode="67" p="#^5GLf9DLfsBJhLzGjLz4nLzAqoBvs1Dpu3GpuXHpukKKt%kKyvtIfwLFfwPBfwGzStxxtrxx2nxxikzydiBz8gxB0fuDUd6GUdWIUd0LWe%8KIg7ILf5GLf" /><g i="8" c="392" charCode="110" p="#^iH$v%iHlniHIlyGVkPF5keE5k7C5k8BelaAmmaA_o%aA$v%9y$v%9yDi%OzDi%7Ask%dAskRAtjZBWi5DnitEniUGni6IyjkJIkkJgn%kJ$v" /><g i="9" c="393" charCode="103" p="#^6JDi%6JVj%DGckZGDkeHjlvH$lvHTmvHQo9G$pPEartCarTBarlB4r2AMr2AOs2AltvACtYATt3CTt%qETtBGTtMHOuXIIvXIsxXIGz9HQAnF$BYB$Bkz$BUx0Btw2Atwgytw2xfx9w2ygvszYuXyJuByeufyKtfy5tfymsEyPr1zgrTzLqQyjqayipxxgoxxYmxxLkRyzjaAniACniEDnitEDi^qyeyqykzlzUzgAsAZBsAxEsALFHz_GWy_GDx_GxwjG6wEFHvNDHv%lBHvZzHvbzlwqy$wqyey^xzVmxzjojA1p6BLpxCLpvFLpvFTmvFSjvCSj3BSjiADkxzolxzVm" /><g i="10" c="394" charCode="114" p="#^fEni8FniRFwi%zFpkKEdk6EdkuCdkkBylaASmaAQo%aA$v%8y$v%8yDi%PzDi%2A5l%9A5lUAOjXB5j$CnifEni" /><g i="11" c="395" charCode="97" p="#^nG$v%ZF5u%TF5uTEmvTDPvUCfwoBfwpzfwgyev8xcu8xjs8xfoDD3o%VF_n%VF9nVFAldFQkyE4k3D4koB4kgz6l%FyyjEz0jPAJi$BpiaDpiAFpiJGtjTHxkTHTm%TH$v^OBAuHDAuMEytSFvsSFDq%SFqp%QDvppBBpkAgqgzWqgzksgzrtXz0uCAAuOBAu" /><g i="12" c="396" charCode="116" p="#^tCAu0DAuwDvu0EquiEku%iEUvZD2wkD8wHCfwaCfwiyfwiy9s%iyck%nwck%nwej%iyoi%9zxf%kAxf%kADi%cEDi%cEck%kAck%kA4skAhtUAXttBAutCAu" /><g i="13" c="397" charCode="117" p="#^2ADi%2Air2AXsOALtyByu7DyueFyucGptaHfsaHFp%aHDi%bJDi%bJ$v%wH$v%eHdu%7HduvGcvoFKvhEfwTCfwrAfwdz5v$xXt$xnr%$xDi" /><g i="14" c="398" charCode="108" p="%^aA$v9y$v9y$caA$c" /><g i="15" c="399" charCode="105" p="#^aA$v%9y$v%9yDi%aADi^_x$e_xiejy_dFyFdazFdFzFd0A_dnAjenA$enAHf0A1gFzmgazmgFymgjy1g_xHf_x$e" /><g i="16" c="400" charCode="44" p="#^gA5t%sAnt8ABuxzcwXyQxiydz%Mwdz5xYxux4wUxdu2y5t" /><g i="17" c="401" charCode="32" p="#" /><g i="18" c="403" charCode="121" p="#^1wDi%cyDi%7Bfq5CSskC0u%qC0uACot4DUrBDoqoGDi%zIDi%QCSxZB6AQA2BHz$B1y$B5x$BbwOB%bwaASwjAIxjANzjAGAZx%qB3w" /><g i="19" c="404" charCode="119" p="%^4J$vDG9o#oGrnLFTkFFTk#aF0nPEaohC$vXz$vhwDipyDi#IzGnnAjq#3BXs9BStfBSt#oB9tHB3s#_BYqcCiqFEDiSGDifJiq#XJpsaKQthKQt#kKotxKus#LKzr4NDibPDiuL$v" /><g i="20" c="405" charCode="46" p="#^SxIuSxUtdyttBy2tiz2t$z2toAttOAUtOAIuOAvvoAXv$zmwizmwGymwgy_vSxBvSxIu" /><g i="21" c="406" charCode="80" p="#^MJmjMJ3mVHxn3G_oDC_o%xA_o%xA$v%sy$v%sy9e%4D9eMJ9eMJmj^xAcn%oCcn9FcnoGjmDHqlDHsjDHHhsGQgiFYfRCYf%xAYf" /><g i="22" c="407" charCode="99" p="#^vDfwBAfw$ytupxGspxoppx1m0zckEAniDDniBEnizFBixGOi4H4j%sGOkNFxk_EmkbEakADakvzakvznpvzRrvAatvBuusDuu7FuuTGMt%TGzvxFfwvDfw" /><g i="23" c="408" charCode="100" p="#^fHcu%8HcuKFfwXCfwjAfwSysupxFspxlppx1mSyckkAniXCniFFni6Hmk%gHmk%bHoj%8Hsi%8H$c%aJ$c%aJ$v%wH$v^cDyugFyucGqt8His8HNp%8Hlp8HvmbGilfF4kaD4koB4krAtlvzRmvznpvzXrrAftnByucDyu" /><g i="24" c="409" charCode="104" p="#^iH$v%iHmniHJlyGWkPF6keE6k6C6k8BglaApmaA0p%aA$v%9y$v%9y$c%aA$c%aALiaAOj4Auk%cAukOAwjUBZi$CpiqEpiTGpi5IAjkJKkkJhn%kJ$v" /><g i="25" c="410" charCode="120" p="%^nB9pJwDi1zDiyCLn3GDilIDiID9pBI$viG$vyCAqMy$vtw$v" /><g i="26" c="411" charCode="118" p="%^4B$v$vDiayDi3Bzq#1CltcCauiCau#rCwt8Dur#SDspmGDixIDisD$v" /><g i="27" c="412" charCode="83" p="#^wIfrwICtPGXu6FfwaCfw$yfwixrv%ixrtoyVtHzau_ArufCrukErunFFtqGSsqGsrqGwq2GXpGFlpOERoXDko9CInFzPmByBlxxmkxxoixxkg4z6fDAUdaDUdRFUd4ITe%qHGgdFLf7DLfuBLfyAtgDzahDzqiDzljZzXjjAxk7B1lXBxlCD7mpG7nsHhowIqpwIfr" /><g i="28" c="413" charCode="68" p="#^HMVmHMkrhKGtUH$voD$v%sy$v%sy9e%WD9e4I9enKtgHMMiHMVm^vK_mvKujLIJh$GYfyDYf%xAYf%xAcu%2DcuMGcuDIosvKzqvK_m" /><g i="29" c="414" charCode="57344" p="#^aEbk%MAbk%MA$v%Ly$v%Lybk%mwbk%mwhj%Lyyi%LyOhLyTc3DTc6ETcyFid%0FWeRDye0DyeTByejBjfMA4gMALh%MADi%aEDi" /><g i="30" c="415" charCode="109" p="#^cP$v%cPincPHlwOUkQN5koM5kvK5kBJblHIgmHIxo%HI$v%GG$v%GGinGGHl_FUkiF5kRD5kXB5k2BelaAnmaA_o%aA$v%8y$v%8yDi%OzDi%7Ask%dAskOAtjRBWiUCniaEnijHnihIFk%nIFkZIBj6K_ifLniIMniZOni5QyjdRIkdRgn%dR$v" /><g i="31" c="418" charCode="98" p="#^nEpi$GpisIckWJ$lWJipWJBssIqu_GfwnEfw3Dfw_BMvVAhvaAhu%1Ahu%Bz$v%8y$v%8y$c%aA$c%aADhaAaj4Apk%aApkBBpinEpi^4E6k$B6k4BilaAumaAipaA7s6Blt2Cyu7Eyu$FyuVGbtQHQrQHhpQHGmVGol$F6k4E6k" /><g i="32" c="419" charCode="73" p="%^sy$vsy9exA9exA$v" /><g i="33" c="420" charCode="57345" p="#^aEbk%MAbk%MA$v%Ly$v%Lybk%mwbk%mwhj%Lyyi%LyOhLyTc3DTc6ETcyFid%0FWeRDye0DyeTByejBjfMA4gMALh%MADi%aEDi^EI$v%DG$v%DGDi%EIDi^sG$esGieNG_d7HFdEHFd7IFduI_dRIjeRI$eRIHfuI1g7ImgEHmg7HmgNG1gsGHfsG$e" /><g i="34" c="421" charCode="76" p="%^sy$vsy9exA9exA7uoI7uoI$v" /><g i="35" c="422" charCode="112" p="#^nEfw3Dfw_BMvVAhvaAhu%1AhuaAsvaAvw%aA$B%8y$B%8yDi%OzDi%4Ask%aAskYAmj_BTi1DninEni1HnitIckWJ0mWJipWJBssIqu_GfwnEfw^4E5k1C5k6BelcAmmaARo%aAipaA6s6Bkt2Cyu7EyuSFyuRG8tQHKrQHgpQHMmRGrlSF5k4E5k" /><g i="36" c="423" charCode="49" p="#^KE$v%LC$v%LChjLCIhRChgBCxggCPgYB5hnzcj%iyPh%0D9e%KE9e" /><g i="37" c="424" charCode="48" p="#^2J3n2JHrBHZt8Gfw7DfwfAfwLyWtfxArfx3nfxoiIy8g9ATd7DTd1GTdxHeg2JBi2J3n^iz3nizYqcAKs7Bvu7Dvu9Fvu3GIsZGVqZG3nZGdj3Grh9FEf7DEf7BEfcAphizajiz3n" /><g i="38" c="425" charCode="84" p="%^YD$vTB$vTB$fdw$fdw9eBJ9eBJ$fYD$f" /></glyphs></font><font id="20" name="Segoe UI Charset1_ 6SIG6oXKqek"><glyphs><g i="0" c="888" charCode="68" p="#^iy$v%iyve%7DvenMvenM1nnM4rPJytfH$vXC$v^lAlg%lA8u%YC8upG8ujIiseKsqeK4neKlg4Dlg" /><g i="1" c="889" charCode="111" p="#^fDiwuAiwQyyuaxOsaxUpaxLmUy_kCAcjyDcjlGcjVHXktJFmtJIptJHsNHvu5GiwfDiw^oDUktBUklAcmdzwndzQpdz2smAktvBCuoDCulFCunGmtqH5sqHNpqHrnnGamlFUkoDUk" /><g i="2" c="895" charCode="99" p="#^yGqv6Fiw7DiwsAiwPyzuaxPsax2qaxYmXy4lJAcjGDcjjFcjAGPj%AGTlbFUkBDUkGBUkrAgmdzEndzTpdz3snAltxBCutDCu6FCuyGwt" /><g i="3" c="896" charCode="117" p="#^8I$v%7G$v%7G0u%4G0uREiwdCiwLxiwLxZq%Lxvj%Lzvj%LzFqLzCuNCCueECuaFxt7Gss7GIq%7Gvj%8Ivj" /><g i="4" c="897" charCode="109" p="#^NP$v%NN$v%NNQoNNLm7NQluMUk_KUkIJUkOI3mVHenVHTo%VH$v%VF$v%VFAoVFUk3DUkKBUkTA$l1A5n1ATo%1A$v%1y$v%1yvj%1Avj%1Aul%4AulpBcjYDcjeFcjbGWj8HEkvHOlUIcjFLcjNPcjNPio" /><g i="5" c="898" charCode="101" p="#^4Ifq%fzfqizlsmAutrBCukDCurFCucHdt%cH5vzFiwRCiwcAiwHyBuaxUsaxOpaxTmQy2luAcjXCcjoFcjKGOk4Inm4Icp^0Gyo0GPmbFSlmEUkUCUkuBUkuAVlvzWmgzyo" /><g i="6" c="899" charCode="110" p="#^pI$v%pG$v%pGTopGUkvDUk$BUk0B1m1A9n1ATo%1A$v%1y$v%1yvj%1Avj%1AAl%4AAlvBcjaEcjeGcjjHxkpISlpImo" /><g i="7" c="907" charCode="116" p="#^QDTv6DgwYBgwGygwGyCs%Gycl%xwcl%xwvj%Gyvj%Gysg%GAOf%GAvj%QDvj%QDcl%GAcl%GAfsGAwt5B2uxBAuwCAuhDAuQDau" /><g i="8" c="909" charCode="32" p="#" /><g i="9" c="930" charCode="104" p="#^pI$v%pG$v%pGOopGUkvDUk1CUk1B1m1A9n1AWo%1A$v%1y$v%1yvd%1Avd%1AAl%4AAlwBcjaEcjpIcjpIio" /><g i="10" c="1316" charCode="107" p="%^pI$vBF$v4A$p1A$p1A$v1y$v1yvd1Avd1Adp4AdpkFvjYHvj9Cxp" /><g i="11" c="1317" charCode="108" p="%^1A$v1y$v1yvd1Avd" /><g i="12" c="1320" charCode="105" p="#^2zkgwykg7yZfLxBfLx1fLxte7y5ewyJd2zJdBzJd_z5enAtenA1fnAzf_zYfBzkg2zkg^1A$v%1y$v%1yvj%1Avj" /><g i="13" c="1321" charCode="115" p="#^gxyv%gxptVyCuTACuvDCuvDRsvDlshD$r3DFrGCorhC7rMBVqfBHqFAsqQz7qbzOpzysp8y1pJxCovx4oixynixPmixXlHxgl5yBkMy8krzGjiArj9Bcj4CcjIDcj_EMj%_EOlCDUkPBUkfBUkOA0llA8l0AnlIzClwzXllzgmlzFmlz8nwztnIzOn1A3onAjoSAwomBJo_BZoPChptDDp7EYpBEnq3FOqjFmrzFVrzFFszFAt8FguKEYu2EpvnDSvuC4wBBiwCAiwHyiwgxyv" /><g i="14" c="1322" charCode="67" p="#^cKgvgIiwnFiwEBiwozUt8xur8xAn8xnjGzOgcCce4GceAIcecKWe%cK6hkI3g3G3g2D3gaB4iiz5kizsnizFq2BzsOCsuEFsuhIsucKht" /><g i="15" c="1323" charCode="112" p="#^4Abu%1Abu%1ALB%1yLB%1yvj%1Avj%1AIl%4AIlyBcjpEcjPGcjaIUkxJzmxJopxJws$HputGiwQDiwoBiw4Abu^1A9p%1AUq1Ass1Bxt2CCuBDCupFCurGdttHQrtHlptHgnvG4myFUkUDUk9CUk5B6m1Akn1A9p" /><g i="16" c="1324" charCode="100" p="#^HI$v%HG$v%HGTt%EGTtfFiwlCiw_ziwAyDuaxXsax2qaxXmKy4liAcjUCcjtFcjEGel%HGel%HGvd%HIvd^HGlq%HGvoHG_mHFXlHEUk9DUkkBUkgAemdzAndzXpdz6sdAmteBCuXCCuCECuEFptHGbsHGlq" /><g i="17" c="1325" charCode="76" p="%^nH$viy$viyvelAvelA8unH8u" /><g i="18" c="1326" charCode="97" p="#^ZG$v%ZE$v%ZE2u%WE2uDDiw4Biwcziw8yjv5xju5xHs5xapdBCo%ZE4oZEUkoCUk8AUkjyrm%jynk9AcjzCcjZGcjZGTn^ZEGp%YB5qzAhqSzNq9zhr9zxs9zstOz1usACuyBCu1DCu$DztZEwsZEWq" /><g i="19" c="1327" charCode="65" p="%^RL$vAJ$vJH5riA5ryy$vgw$v_Cve6Fve^2HfpiEOh#aEqh1EDg_DDg#SDmhIDOh_Afp" /><g i="20" c="1328" charCode="80" p="#^lAop%lA$v%iy$v%iyve%6DveVFvesHTf$Ieh$IJj$IcmhHOnzFopFCop^lAlg%lAxn%vCxnDExnKFzmSGBlSGPjSGlgLClg" /><g i="21" c="1367" charCode="114" p="#^yExl0E7l1D7lLB7lUAlm1Ayn1ADp%1A$v%1y$v%1yvj%1Avj%1A4m%4A4mvALknB0kgChjlDhj7EhjyEsj" /><g i="22" c="1368" charCode="102" p="#^cEffDDWeTCWeMAWeMAAh%MAvj%IDvj%IDcl%MAcl%MA$v%Ny$v%Nycl%Ewcl%Ewvj%Nyvj%NythNywfVzne2BddLCddGDddcErd" /><g i="23" c="1376" charCode="73" p="%^lA$viy$viyvelAve" /><g i="24" c="1416" charCode="103" p="#^HI$uHIUB6CUBNzUB2y$A%2y$y9AaA4CaAHGaAHGgv%HGVt%EGVtdFiwlCiw0AiwByDuaxYsax9qaxZmIy5leAcjUCcjqFcjEGel%HGel%HGvj%HIvj^HGlq%HGvoHG0nGFYlGEUkaDUkkBUkgAfmdzBndz0qdz6sdAmteBCuUCCuAECuDFqtHGdsHGlq" /><g i="25" c="1419" charCode="121" p="#^ZHvj%dC$xHAUBVxUB7xUBBwJB%BwXzfx9ANx9Aiz9A2Aly%2BZv%awvj%oyvj%NB7tQBit1C4u%6C4uaCNtlC8t%VFvj" /><g i="26" c="1420" charCode="66" p="#^iy$v%iyve%hDveyFveTGCfcIJgcIvicI_joH5lBGbmbFFm%bFImYGVm0I1o4J9p4JZq4JdtsHCuRF$voD$v^lAlg%lA$l%rC$l7E$l5Fbl3Gnk3GVi3GlgIClg^lARn%lA8u%7D8uXE8uWFitWGrsWGYqWGRnICRn" /><g i="27" c="1424" charCode="83" p="#^uxiv%uxTsUxettyxt2zQtHz1ukAeuZAluDBsuaCsu3Esu$ELtXF2tXFKrXF0rDFvqjFZpMEypdE6ptDJoJCjoRBTnXApn8AXmlzsmLyUlayjlQxBkvxSjvxTivxHh0yOgyyVfpzlfgAMelBuerCceADceaGcemHQe%mH7hOF3gnD3gIC3g1CcgmBlgQAFgjAZg_zthFzZhFzHiFzmjVzSj9AlkEALk7B8lQBxlxCVlsDmmoEPmeFkn4GRnIGtolH5pIHSp4ICq4IAr4ITsAHNt4HGucGevlFOvdE2w6DiwSBiwrBiwQAdwdA9wAz1wYyVvnyJvPxxvuxiv" /><g i="28" c="1480" charCode="40" p="#^hD_z%vB_zIxFvIxkpIxZivBve%iDvetz8jtziptzpvhD_z" /><g i="29" c="1481" charCode="41" p="#^4y_z%iw_z5Apv5Aip5A8jgwve%4yveUBZiUBkpUBFv4y_z" /><g i="30" c="1482" charCode="46" p="#^Jygw9ygwMxTvnxtvnxVunxluMxXt9ywtJywtizwtHzXt5Alu5AVu5AtvHzTvizgwJygw" /><g i="31" c="1483" charCode="44" p="%^SzdtVxdztwdzVxdt" /><g i="32" c="1484" charCode="98" p="#^4Abu%1Abu%1A$v%1y$v%1yvd%1Avd%1AIl%4AIlyBcjpEcjOGcj9IUkxJzmxJopxJws$HputGiwQDiwlBiw4Abu^1A9p%1AUq1Ass1Bxt2CCuBDCupFCurGdttHQrtHlptHgnvG4myFUkUDUk9CUk5B6m1Akn1A9p" /><g i="33" c="1485" charCode="50" p="#^qF4jqFhiaFHhWE4huEHg3EigtD6gUCVfcCVfCBVf2B3gvAdgZzvgrzNgXyahryzh0y1i%0yUfSy3fUzEeXAcerCcewDceqEwelFQe0GqfHG0g4HVgtHNhtHVitHYjdHOk_GElvGom0G7nhFPnzEvozDcpkC4qxBIqKAkrgATrOzpsCzYsqzvtqzcu%8Icu%8I$v%kx$v%kx8vkx0uzx9tPxisnyxrXyMqRz$pMAdp4Cgo1DAnGDYmjEkmIEJl5F5lfFskqFPjqF4j" /><g i="34" c="1486" charCode="48" p="#^sIansInp2I4rFHMsVGXt9G5v3FIvZDjwACjwgBjweAKvcz8vuy1uNxWspxjr2xHp2xBn2xjlqxzjPxOhzyCgjzpfpAPewBceYCcesIcesIan^pGnnpGVfRCVf5zVf5zvn5zBuNCBupGBupGnn" /><g i="35" c="1487" charCode="84" p="%^EIlgBDlgBD$vyB$vyBlgvwlgvwveEIve" /><g i="36" c="1515" charCode="118" p="%^SHvjTC$vVA$vawvjnyvjyBAs#UBAt_Bku1Cku#9CotqCDsKFvj" /><g i="37" c="1516" charCode="119" p="%^NNvj1K$vYH$vnF2n#eFymbFUl7FUl#5FkmTE1n4C$v4A$viwvjoyvj_AVs#6Bkt9B0ufB0u#hButtBTslEvjbGvjMIWs#UIntYI2u2J2u#4JAtfJWsOLvj" /><g i="38" c="1517" charCode="51" p="#^EH2rEHesbHctLGauXFSu7Fyv_DXvRCjwuBjw_yjwvxmv%vxctgzBuyBButCBucDmuYD7uuEHt0FftiFEsAF0sAFerAFOnIAOn%fzOn%fz5m%DA5mYE5mYETiYEVfFBVfOzVfay8h%aycfRzce9CcefDce8Ewe1FPeFFmfiGVfEGHg$Gsh$Gni$GQlvDPm%vDTmpEZm9FjnVFEnsGbo0HJokHspEHaqEH2r" /><g i="39" c="1518" charCode="45" p="%^qEQpLxQpLxfoqEfo" /><g i="40" c="1519" charCode="57" p="#^fIcmfICoMHuqiHlsnGFttFYu9EEvRCjw9Bjwqzjw5yHv%5yNtyzBucBBuoCBujD6ufEDtUEHsyFLrUFoqeG0peGfn%bGfn3FvphCvp9BvpcA6pgzJoAy$nVxgnwxgm8xfl8x2k8xLizxHh_xCgKyRfuz3fwAEeyBceNCce5Ece6FKe7GgfQGhgxHihUHOifIhkfIcm^5Gpk5GojQFzizFKh5F8hEEyg$DegmDVfCCVfUBVfgBbgEAtgaA$gJzwhszeiczXiczNjczIkszrlIzam9AHmDAbnhBsnXBJnJCJnqDJn1EtnFEcn6FMmzFjmQFIl5G5l5Gpk" /><g i="41" c="1525" charCode="55" p="#^kIFfWHlgmHohOGqi9GJjwF0lSEwmcE$nDDBp3DarDCOsbCqu$B$v%Rz$v3AruwAPs_AarzBCp8C2oNCBmrD8l2EWjFEHi9FMhGFQgZFig%cxig%cxve%kIve" /><g i="42" c="1526" charCode="53" p="#^QHFqQHXroH_sYG0u8GMukFvvaEVv1DjwDBjwbzjw$xAv%$xstNzBuFBBuCCBumDju7E1uFExtcF1tuFksNFDrNFNqNF3pDE5ouD7niB7nXA7nyA8n9A9nMzannzbn$ydnEyenkygn%Xyve%0Hve%0Hig%FAig%jArlIAql8BplABnlWBnljDnlpELlwF6mgGOm1HtnqHsoQHrpQHFq" /></glyphs></font><font id="30" name="Arial Charset1_ 6mK9mliJwXG"><glyphs><g i="0" c="888" charCode="8226" p="#^kxenkxYley2l8z8kqA8kIB8kCC2lwDYlwDenwDwoCCqpIBkqqAkq8zkqeyqpkxwokxen" /><g i="1" c="889" charCode="9" p="#" /></glyphs></font><font id="40" name="Autobus Bold Charset1_ 6YDlGvhluVR"><glyphs><g i="0" c="276" charCode="80" p="%^ez$v1x$v1x6dGC6d#iD6dSDmd#rEBdRE$d#fFpeuF_e#KFyfKFagKF5n#KFGnuFeo#fFOoREdp#rEEpSDVp#iDaqGCaqezaq^CC8o#$C8ogDSn#xDznxDbnxD5g#xDHfgDqf#$C8fCC8fez8fez8o" /><g i="1" c="277" charCode="114" p="#^9B5jKB5jfCjjNCwjaDUjADfkQDLk4Efl7EOlbEWlbEdmbEvmbEDm%aCDmaCymaChmaC$l9CWl6CBlSBolCBalfBal%azal%az1w%1x1w%1x5j" /><g i="2" c="298" charCode="111" p="#^xC5j9D5jIDkjfEzjFE_j4FokjFYkzFvlzF7m%zF$szFDtjFau4FIuFE7vfExvIDMv9D$vxC$v%_z$vmz$vPyMvhyxvSx7vsxIucxauZwDtZw$s%Zw7mZwvlcxYksxokSx_jhyzjPykjmz5j_z5j^pD0mpDEl7DnlSC5lsC5l%4A5lsz5lhzzl7z0m7zwm%7z4t7zttozLtGz1u4A1u%sC1u2D1udDAtpD7tpDAs" /><g i="3" c="300" charCode="102" p="%^Ax3lWw3lWw5jAx5jAx8g#AxwfPxYe#2yoesy_d#Tyzdrzkd#$z5dDA5drD5drD6fKA6f#kA6f2Aof#NzGfNz3gNz5jrD5jrD3lNz3lNz$vAx$v" /><g i="4" c="301" charCode="32" p="#" /><g i="5" c="306" charCode="97" p="#^pD2mpDGl6DolQC5lsC5l%fA5lVz5lJzelxznlrzBlmzPlkz6mizomizGm%kxGmkxymjxtmixnmixfmixDlwx2lLxtk8y2kxyDj5zmjFz5jkA5j%xC5j9D5jIDkjfEzjFE_j4FokjFYkzFvlzF7m%zF$v%_z$vmz$vPyMvhyxvSx7vsxIucxauZwDtZw$s%Zw8rZwwqcxZpsxqpSx0phyBoPymomz7o_z7o%pD7o^pD0q%2A0quz0qiztq7zWq7zsr%7z4t7zptozJtFz1u2A1u%pD1u" /><g i="6" c="307" charCode="103" p="#^$z2wnz2wPyPvfyAvQxavqxLubxbuYwDtYw$s%YwamYwylbx_kqxqkQx0kfyBjPyljnz5j$z5j%AC5jcD5jMDljkEBjLE0kbFqkqF_kFFylFFam%FFWyFFyzqF6AbFGALE4BkEvBMDLBcD$BAC$B%aA$Bpz$BQyIBfypBTxVAvxqAjxMz7x7z7xpy%izpyizxyhzFyhzOyhzWyhzkzxzEzNzYzeAYz%vCYzVCYzaDGzsDpzsD$y%sD2w^sD5msDHlaDplVC7lvC7l%6A7lIz7lqzpl9zHl9z5m%9z4t9zttqzLtIz1u6A1u%sD1u" /><g i="7" c="312" charCode="101" p="%^7z4t#7zqtozKt#Gz1u4A1uyC1u#aD1ukDxt#uD0tuDtszFtszF5t#xFIthFeu#1FLuDE9v#eEyvHDNv#9D$vyC$v$z$v#nz$vQyMv#hyxvSx7v#sxIucxau#ZwDtZw$sZwtm#ZwOlaxbl#nxzkMx6k#ayEjJynj#hz5j$z5jyC5j#fD5jPDnj#nEEjME5k#9FykmF9l#zFLlzFqmzF$q7z$q^pD4ppD0m#pDEl6Dnl#QC5lsC5l4A5l#Iz5lpznl#7zEl7z0m7z4p" /><g i="8" c="319" charCode="66" p="#^LEUlIFOmIF2o%IFYsIFAttF8ueFIuPE7vpExvRDMvhD$vFC$v%$w$v%$w5d%mC5d_C5dyDld6EBdwE$dXEpeaF_epFyfpFag%pF3kpF2lLEUl^cz3l_z3lKA3lvB2lhC2lFC2lWCNkcDvkcD7k%cD5gcDHfWCqfFC8fhC8f%cz8f^yCZtYCZtdDItvDqtvD0t%vD0ovDEndDmnYC3nyC3nKB3nUA4n2A5ncz5n%czZt" /><g i="9" c="320" charCode="110" p="#^yC5jaD5jJDkjhEzjHE_j6FoklFXkAFtlAF5m%AF$v%rD$v%rD0mrDDl9DllTC3luC3l%9z3l%9z$v%$w$v%$w5j" /><g i="10" c="329" charCode="107" p="#^1CbopCZmHCHl_CokhD5j%sF5jhFLj9Flk1FXkTEzlNE0mGExmAE2nsExnkE0obEso3EToTD8pYDip2Evp9EIpcETpzEorWEXshFtuFF$v%uD$v7DvuMC2tqCArTB8q%ez8q%ez$v%1x$v%1x5d%ez5d%ezfo%7BfokBfozBeoOBdo1Cbo" /><g i="11" c="334" charCode="83" p="#^eDggeDOfVCsfAC6f4C6f%eA6fKz6fpzsf4zOf4zgg%4zGi4zgjqzIjNz7kfArk%nDzmhEdnSE3osFUosF4q%sFLssFqtbF0uXEBuvE2v3EvvtDLvTC$vcC$v%cA$vxz$vWyLvkyvvUx2vsxBubx0uWwqtWwLs%WwIr%YyIr%YyQsYykthzFtDzZt6AZt%7CZtCCZtWCFtfDktfDQs%fD$pfDopUCZoyCyo4Cdo%_y3m2yqlsxBkTwLjTwBi%TwmgTwHf8x5fpxueRx2ehyCdTymduz5d9A5d%$B5dGC5dgDmdSDCdiE2eLEue$E5ffFHffFmg%fFoh%eDoh" /><g i="12" c="335" charCode="116" p="%^6AWe6A5jnC5jnC3l6A3l6A4t#6AttnALt#FA1u2B1u2D1u2D$v1B1w#pA1wRzOv#hzyvSy7v#syIucy9u#ZxBtZxYsZx5lGw5lGw5jZx5jZxWe" /><g i="13" c="383" charCode="109" p="#^6H5jKH5jhIkjQIzjeJ_jFJokUJXk8Ktl8K5m%8K$v%YH$v%YH0mYHDlGHllpH3l1H3l%zE3l%zE$v%yC$v%yC3l%9z3l%9z$v%$w$v%$w5j" /><g i="14" c="384" charCode="73" p="%^Zw5d9C5d9C6fFA6fFAZt9CZt9C$vZw$vZwZtsyZtsy6fZw6fZw5d" /><g i="15" c="385" charCode="99" p="#^uDgtxDctwDTsvDysvDts%vFtsvFBsvFUsvFatsFitkFquvEdvHD$vvC$v%1A$vpz$vSyMvkyxvVx7vvxIugxau1xDt1x$s%1x5m1xtlgxXkvxokVx_jkyzjSykjpz5j1A5j%vC5j4D5jBDjj6EwjuETjTEdk7FIknFblrFLluFTluFbmvFvmvFDm%vDDmvDwmwDcmxDUluDOlrDvlaDhlVC3lAC3l%6A3lKz3lszllazDlaz0m%az4tazstszKtKz$t6A$t%AC$tWC$taDOtrDAtuDgt" /><g i="16" c="386" charCode="100" p="%^vD5dKF5dKFYs#KFAtuF8u#fFIuQE7v#pExvRDMv#hD$vFC$v4A$v#qz$vTyMv#kyxvUx7v#txIuex8u#$wAt$wYs$wam#$wylex_k#txqkUx0k#kyBjTylj#qz5j4A5jvD5j^9A3l#Lz3ltzml#czElcz2mcz4t#cztttzLt#Lz1u9A1uyC1u#_C1ueDLt#vDttvD4tvD3l" /><g i="17" c="387" charCode="117" p="#^$z$vnz$vQyMviyxvTx7vtxIuexau$wDt$w$s%$w5j%9z5j%9z4t9zttqzKtIz$t6A$t%rD$t%rD5j%AF5j%AF$v" /><g i="18" c="388" charCode="76" p="%^$w$v$w5dcz5dczZtIDZtID$v$w$v" /><g i="19" c="389" charCode="112" p="%^az$BZw$BZw5jDC5j#fD5jPDlj#nEBjNE0k#cFqkrF_k#HFylHFamHFks#HF4tuFLt#hFpuVEVu#xEpvYDIv#nD$vDC$vaz$v^az1uyC1u#YC1udDLt#vDttvD4tvD2m#vDEldDml#YC3lyC3laz3l" /><g i="20" c="390" charCode="108" p="%^ez5dez1uTz1uTz$vTy$v#5y$vzxtv#1xWu1xau1x5d" /><g i="21" c="391" charCode="105" p="%^FzZeFz8hsx8hsxZe^Ow3lOw5jFz5jFz$vsx$vsx3l" /><g i="22" c="392" charCode="121" p="#^WBQsDCoqkDZn1EylKE5j%XG5jAFRndExsTCdxuBYB%_yYB%_yQz%VzQzaAYyqA2yGA9xWAfwOAYvEAEvvAkvnA$unAZumAZumAZumAYuqzZrvy0pBx3mIw5j%Vy5jGzylpAZn9BoqWBQs" /><g i="23" c="393" charCode="115" p="#^hz$vKy$vhyOvQxAvvxevaxTu$wpuQwWtQwpt%Qwts%Vyts%VydtVyvtWyMtYy1uhz1u%2C1ukC1unCPtqCAtqCkt%qCdsqCIrVBqr1BWq9AqqizWpqyqpJx0pixmoTwHnTwRm%TwOlTwfl1xMkcxgkwxUjQxwjhyjjLy5jkz5j%2C5jDC5j4DkjxDyjSDWjbEiklENkvEflvELl%vEGm%sCGm%sCUlsCElpCnlnC5l2C5l%qz5l9z5l5zjl1zwl1zOl%1zWm1zbnrzxnSzTnsAfo2BDoLB0psCop1DJpLD8q9EOqAEsrAEis%AEktAEsuWDevhD$v7C$v" /><g i="24" c="394" charCode="65" p="%^cz4qcz$v$w$v$wag#$wBfex2f#txueUx3e#kyEdTynd#qz6d4A6dFC6d#hD6dRDmd#pEBdPE$d#eFpetF_e#IFyfIFagIF$vvD$vvD4q^vD2ovD5g#vDHfdDqf#YC8fyC8f9A8f#Lz8ftzqf#czHfcz5gcz2o" /><g i="25" c="395" charCode="118" p="%^NA$vNw5jWy5jNBfsCE5jLG5jLC$vNA$v" /><g i="26" c="396" charCode="85" p="#^4A$vsz$vUyMvkyxvVx7vvxIugx8u1xAt1xYs%1x5d%ez5d%ez0tezqtvzItNzZtaAZt%xDZt%xD5d%KF5d%KF$v" /><g i="27" c="397" charCode="77" p="#^_G6d%_G$v%LE$v%LEOikEUjSDZkpD2mYCan%4Can%2BanAA2m7AZkGzUjczOi%cz$v%$w$v%$w6d%2z6dNzSewACgfBmi$B7kKCmitDCgcESeYE6d" /><g i="28" c="398" charCode="84" p="%^Aw5d3F5d3F8fVB8fVB$vKz$vKz8fAw8fAw5d" /><g i="29" c="399" charCode="75" p="#^xBWkFBOkMBBkTBnkWB8kmCmiLCCg9DSeAD6d%LF6dhF8fOEbhkEdjQDflQDllJDylCDLlxDXlCD5mJDkmQDymQDEmpE$oXEkruFFt3G$v%TD$vpDZtXC$ruC0q_B$nQBonxBZm%azZm%az$v%Zw$v%Zw6d%az6d%azWk%xBWk" /><g i="30" c="400" charCode="67" p="#^IFoh%zDoh%zDZfvDCfeDmf_C6fDC6f%9A6fLz6fuzofezGfez3g%ez0tezqtuzItLzZt9AZt%DCZt_CZteDJtvDttzD7t%zDIr%IFIr%IF2tHFFtrFbubFJuME7vmExvPDMvhD$vFC$v%4A$vsz$vUyMvkyxvVx7vvxIugx8u1xAt1xYs%1x8g1xwfgxYevxoeVx_dkyzdUykdsz5d4A5d%FC5dhD5dPDkdmEzdMEZdbFmerFVeHFrfIF2g" /><g i="31" c="401" charCode="104" p="%^az5daz5jCC5j#eD5jODkj#mEzjNE_j#cFokrFYk#HFwlHF8mHF$vuD$vuD3m#uDGldDpl#YC7lxC7laz7laz$vZw$vZw5d" /><g i="32" c="403" charCode="72" p="%^$w$v$w5dcz5dczimvDimvD5dHF5dHF$vvD$vvDjoczjocz$v$w$v" /><g i="33" c="404" charCode="46" p="%^RwFtWyFtWy$vRw$vRwFt" /><g i="34" c="405" charCode="98" p="%^QC5j#sD5j0Elj#AEBj$E0k#rFqkGF_k#VFylVFamVFYs#VFAtGF8u#rFIu$E7v#AExv0EMv#sD$vQC$vcx$vcx5dpz5dpz5j^pzonpz1uLC1u#9D1uqDLt#IDttID4tID2m#IDElqDml#9D3lLC3lpz3l" /><g i="35" c="406" charCode="44" p="%^$y1yWw1yWwyt$yyt" /><g i="36" c="407" charCode="79" p="#^HFYsHFAtrF8ucFIuNE7vnExvPDMvfD$vDC$v%2A$vpz$vRyMviyxvTx7vsxIucx8uZwAtZwYs%ZwagZwyfcx_esxpeTx$diyBdRymdpz6d2A6d%DC6dfD6dPDmdnEBdNE$dcFperF_eHFyfHFag^az0tazqtszItKzZt7AZt%xCZtWCZtcDItuDqtuD0t%uD5guDHfcDqfWC8fxC8f%7A8fKz8fszqfazHfaz5g" /><g i="37" c="408" charCode="82" p="#^nCcqnDErlE5tkFyukG$v%QD$vSCyuTB5tVAErVzcq%czdq%cz$v%$w$v%$w5d%FC5dhD5dRDldpEBdPE$deFpetF_eIFyfIFag%IF7nIFPnqFno9FWoHEkpeEJpDDYp1DaqnCcq^ACao_CaoeDVnvDDnvDdn%vD5gvDHfeDqf_C8fAC8f%cz8f%czao" /><g i="38" c="409" charCode="49" p="%^sz$vfx$vfx6fBw6fBw5dsz5dsz$v" /><g i="39" c="410" charCode="50" p="%^ZwohZwlg#ZwGfex4f#vxueXx2e#nyBdZyld#Az5dfA5dcC5d#TC5dtDld#3EBdvE2e#XEuebF4f#sFGfsFlgsFdj#sFnkSEdl#hE2mnDHmfARo#NzapqzBp#4z$p4zDq4zZtjFZtjF$vTw$vTwIq#TwypsxIo#2yRnYybn4C3l#yCLkVCkk#hDUjhDijhDlg#hDSfXCxf#CCbf6CbfkAbf#Szbfwzxf#azSfazlgazoh" /><g i="40" c="411" charCode="51" p="#^xC2lWC2lcDNkuDvkuD5k%uD3guDGfcDofWC6fxC6f%Vz6fvz6fdzofYyGfYy3g%Yyoh%Rwoh%Rw8gRwwf4xYekxoeKx_d9yzdJykdhz5dVz5d%CC5deD5dODkdmEzdME_dbFoerFYeHFwfHF8g%HF2kHFzkvF$kkFrl1FTluFlmKFTm_Fon_F2o%_FYs_FAtKF8uvFIu5F7vHExv7EMvzD$vWC$v%Yz$vkz$vMyMvcyxvNx7vnxIu8x8uVwAtVwYs%VwIr%$yIr%$y0t$yqtgzItyzZtYzZt%QCZteDZtvDItNDqtND0t%ND0oNDDnvDlneD3nQC3n%7A3n%7A2l" /><g i="41" c="412" charCode="52" p="%^QB5dhz7o_D7o_D5d9G5d9G7oPG7oPG8q9G8q9G$v_D$v_D8qvw8qAz5dQB5d" /><g i="42" c="413" charCode="53" p="%^iA6fqz2lTC2l#vD2l3Ehl#DEwl2FXl#uFlmJFVm#YFtnYF5oYFYs#YFAtJF8u#uFIu2F7v#DExv3EMv#vD$vTC$vVz$v#hz$vJyMv#9yxvKx7v#kxIu4x8u#RwAtRwYsRwIr2zIr2z0t#2zqtkzIt#CzZt$zZtOCZt#cDZttDIt#LDqtLD0tLD0o#LDDntDln#cD3nOC3nVw3npy5dsF5dsF6f" /><g i="43" c="414" charCode="54" p="#^DC2lfD2lPDhlnEwlNEYlcFnmrFXmHFvnHF7o%HFYsHFAtrF8ucFIuNE7vnExvPDMvfD$vDC$v%2A$vpz$vRyMviyxvTx7vsxIucx8uZwAtZwYs%ZwagZwyfcx_esxpeTx$diyBdRyldpz5d2A5d%xC5d9D5dJDldhEBdIE$d7FpemF_eCFyfCFag%CFoh%pDoh%pD5gpDKf7DqfSC6fsC6f%7A6fKz6fszpfazHfaz5g%az2l^az0tazptszHtKzZt7AZt%xCZtVCZtbDItuDqtuD0t%uD0ouDEndDmnYC3nxC3n%az3n" /><g i="44" c="415" charCode="55" p="%^cA$vRx$vbE6fYy6fYyuhRwuhRw5dkH5dcA$v" /><g i="45" c="416" charCode="56" p="#^VxUlAxtlpx1lfxBkfx3k%fxagfxyfux$eJxre8y0eAyBd7zldGz5dkA5d%aD5dTD5dsEnd1FEdqF6ePFze0GbfeGPfeGug%eG3keGBk3G1lVFtlCFUl3GlmjGUmzGqnzG3o%zGYszGAtjG8u4GIuFF7vfFxvHEMv7E$vvD$v%$z$vnz$vPyMvfyxvQx7vqxIubx8uYwAtYwYs%Yw3oYwqncxUmsxlmVxUl^FC2l7D2lBDTk3EHk3E5k%3Ewg3E0gTDzfHD6f6D6f%QA6fkA6fUzjfszwfsz5g%szGjszfkFzFkSz2lpA2l^pDZtIDZtUDRt4EItaEuthEgtjE0tmELsmEts%mEBomElojE4ohEOnaEAn4ElnUDcnID3npD3n%6A3nNz3nBzcnpzlnizAnczOnaz4o9zlo9zBo%9zts9z0tizvtszZt6AZt" /><g i="46" c="417" charCode="57" p="#^2A0opz0oRyNnhyynRx7npxHm9x8mVwBlVwXk%VwagVwyf8x_enxpeNx$dcyBdMyldkz5dYz5d%xC5d9D5dJDldhEBdIE$d7FpemF_eCFyfCFag%CFYsCFAtmF8u7FIuIE7vhExvJDMv9D$vxC$v%2A$vpz$vRyMviyxvTx7vsxIucx8uZwAtZwYs%ZwJr%azJr%az0tazntrzHtIz$t7A$t%sC$tSC$t7DJtpDqtpD0t%pD0o^pD5gpDHf7DqfSC8fsC8f%2A8fFz8fmzqf4zHf4z5g%4z5l4ztlmzMlFz2m2A2m%pD2m" /><g i="47" c="418" charCode="48" p="#^HFYsHFAtrF8ucFIuNE7vnExvPDMvfD$vDC$v%2A$vpz$vRyMviyxvTx7vsxIucx8uZwAtZwYs%ZwagZwyfcx_esxpeTx$diyBdRyldpz5d2A5d%DC5dfD5dPDldnEBdNE$dcFperF_eHFyfHFag^xCZtYCZtdDItuDqtuD0t%uDHiqCqlpB9opATqmzBtFzZt7AZt^azWpaAgn9BEk9C0i9DmfSC6fxC6f%7A6fKz6fszpfazHfaz5g" /><g i="48" c="419" charCode="69" p="%^zE$v$w$v$w5dAE5dAE8fcz8fcz2mTD2mTD3ocz3oczZtzEZtzE$v" /><g i="49" c="420" charCode="68" p="%^Zw$vZw5dDC5d#fD5dPDld#nEBdNE$d#cFperF_e#HFyfHFagHFYs#HFAtrF8u#cFIuNE7v#nExvPDMv#fD$vDC$v^azZtxCZt#WCZtcDIt#uDqtuD0tuD5g#uDHfcDqf#WC8fxC8faz8f" /><g i="50" c="421" charCode="89" p="#^Ny5d%1CDm%fF5d%xH5d%7D4q%7D$v%WA$v%WA4qOAJpsAIo7AHnFznmcz3lIyAjcy5iLxNgixtfYwteDwtdvw5d" /><g i="51" c="422" charCode="78" p="%^cE$vczXicz$v$w$v$w5dcz5deE8qeE5dpG5dpG$vcE$v" /><g i="52" c="423" charCode="74" p="#^aA5d%aARvaAswYzZwKzvxmzVx_ykytyByZxSypxVylxWycxXy4xYyVwZyLw_yCw_ytw_ypw_y%pwVwvwVwOwVw5xVwcxRwvxNwIxxwWxhwWxWv%Wx8f%dx8f%dx5d" /><g i="53" c="424" charCode="86" p="#^GBMqqCln9DYjVDygFE6d%VG6dSFShREzmQDfrNC$v%QB$v%AA$vxzfrwyzmvxShsw6d%Iy6dqzygaAYjWAlnGBMq" /><g i="54" c="425" charCode="119" p="#^OBfseCQqFCtp4D5ovDGmeDMlYCUkGC$jpC5j%sE5j9FolSFGnAGYphHfs$HYpHIHnoJql6K5j%hM5jhLlmhKyphJLshI$v%pG$vXFvutF_s$EtrxEZp3EtrBD_s7DvuFC$v%OA$vOzLsOyypOxlmOw5j%Yy5jGzqlnAHn4BYpOBfs" /></glyphs></font></bwFonts>